{
  "c": [
    0.3076923076923077,
    0.6153846153846154,
    0.07692307692307693
  ],
  "a": [
    [
      0.5,
      0.0,
      0.5
    ],
    [
      0.25,
      0.5,
      0.25
    ],
    [
      0.75,
      0.25
    ]
  ]
}